<?xml version="1.0" encoding="UTF-8"?>
<project-private xmlns="http://www.netbeans.org/ns/project-private/1">
    <editor-bookmarks xmlns="http://www.netbeans.org/ns/editor-bookmarks/2" lastBookmarkId="0"/>
    <open-files xmlns="http://www.netbeans.org/ns/projectui-open-files/2">
        <group>
            <file>file:/C:/Users/itsme/OneDrive/Documents/GitHub/cis2454-fall2022-finalproject-Kevlarski/Qwack/web/views/assets/theme.css</file>
            <file>file:/C:/Users/itsme/OneDrive/Documents/GitHub/cis2454-fall2022-finalproject-Kevlarski/Qwack/src/java/qwack/GlobalFeed.java</file>
            <file>file:/C:/Users/itsme/OneDrive/Documents/GitHub/cis2454-fall2022-finalproject-Kevlarski/Qwack/web/views/topNav.jsp</file>
            <file>file:/C:/Users/itsme/OneDrive/Documents/GitHub/cis2454-fall2022-finalproject-Kevlarski/Qwack/src/java/qwack/Home.java</file>
            <file>file:/C:/Users/itsme/OneDrive/Documents/GitHub/cis2454-fall2022-finalproject-Kevlarski/Qwack/web/index.jsp</file>
            <file>file:/C:/Users/itsme/OneDrive/Documents/GitHub/cis2454-fall2022-finalproject-Kevlarski/Qwack/web/user.jsp</file>
            <file>file:/C:/Users/itsme/OneDrive/Documents/GitHub/cis2454-fall2022-finalproject-Kevlarski/Qwack/src/java/qwack/models/PostModel.java</file>
            <file>file:/C:/Users/itsme/OneDrive/Documents/GitHub/cis2454-fall2022-finalproject-Kevlarski/Qwack/src/java/qwack/Users.java</file>
            <file>file:/C:/Users/itsme/OneDrive/Documents/GitHub/cis2454-fall2022-finalproject-Kevlarski/Qwack/src/java/qwack/Profile.java</file>
            <file>file:/C:/Users/itsme/OneDrive/Documents/GitHub/cis2454-fall2022-finalproject-Kevlarski/Qwack/src/java/qwack/Qwack.java</file>
            <file>file:/C:/Users/itsme/OneDrive/Documents/GitHub/cis2454-fall2022-finalproject-Kevlarski/Qwack/src/java/qwack/models/LoginModel.java</file>
            <file>file:/C:/Users/itsme/OneDrive/Documents/GitHub/cis2454-fall2022-finalproject-Kevlarski/Qwack/src/java/qwack/User.java</file>
            <file>file:/C:/Users/itsme/OneDrive/Documents/GitHub/cis2454-fall2022-finalproject-Kevlarski/Qwack/src/java/qwack/Post.java</file>
            <file>file:/C:/Users/itsme/OneDrive/Documents/GitHub/cis2454-fall2022-finalproject-Kevlarski/Qwack/src/java/qwack/Database.java</file>
            <file>file:/C:/Users/itsme/OneDrive/Documents/GitHub/cis2454-fall2022-finalproject-Kevlarski/Qwack/web/profile.jsp</file>
        </group>
    </open-files>
</project-private>
